,,alt_sax_simple_base,slope_sax_simple_base,landcover_needle_sax_simple_base,landcover_herb_sax_simple_base,ph_sax_simple_base,carbon_sax_simple_base,sand_sax_simple_base,fragment_sax_simple_base,bio1_sax_simple_base,bio7_sax_simple_base,bio12_sax_simple_base,bio17_sax_simple_base,Env - Adjusted R-squared,East_Asia,Gulf_of_California_Xeric_scrub,Sierra_Madre_Oriental_Pine-Oak_Forests,Eastern_NA_and_Plains,Last_Glacial_Maximum,Great_Basin,Rocky_Mountains,BG - Adjusted R-squared
Node_39,Observed,-0.0290764622738,-0.0,0.0,0.0,-0.0,-0.000975732646263,-0.0,-0.0,-0.0,0.0,0.0,-0.0,-0.0428759434856,0.0,0.0,0.0,0.0,0.0,0.0,0.0,0.0
Node_19,Observed,0.0,0.00406884104114,-0.0,0.0,0.0,0.0,0.0,0.0,0.0,0.0,0.0,0.0,0.0507716624794,-1.0,1.0,-1.0,1.0,-1.0,-1.0,-1.0,1.0
Node_16,Observed,0.0,-0.0,-0.0,-0.0,0.00109364865877,0.0,0.0,0.0,0.0,-0.0,0.0017324649589,-0.0,-0.0519821951083,0.0,0.0,0.0,0.0,0.0,0.0,0.0,0.0
Node_32,Observed,0.0,0.0,0.0,0.0,0.0,0.0,0.0,0.0,0.0,0.0,0.0,0.0,0.0,0.0,0.0,0.0,0.0,0.0,0.0,0.0,0.0
Node_13,Observed,-0.0879745534183,0.0,0.00120331135112,0.0,0.0,0.0,0.0,0.0,-0.0,0.0,0.0,0.0,-0.0303346454666,0.0,0.0,0.0,0.0,0.0,0.0,0.0,0.0
Node_12,Observed,0.349622609437,0.0,-0.0,-0.0155120765591,0.0,0.0,0.0,0.0,0.0,0.0,0.0,0.0,-1.0,0.0,0.0,0.0,0.0,0.0,0.0,0.0,0.0
Node_10,Observed,0.167877190337,0.0,-0.0,-0.0,0.0,0.0,0.0,0.0,0.0,0.0,-0.0,0.000826032268806,-0.0339006165164,0.0,0.0,0.0,0.0,0.0,0.0,0.0,0.0
Node_97,Observed,0.0,0.0,0.0,0.0,0.0,0.0,0.0,0.0,0.0,0.0,0.0,0.0,0.0,0.0,0.0,0.0,0.0,0.0,0.0,0.0,0.0
Node_95,Observed,0.293850649151,0.0,0.0,0.0,0.0,0.0,0.0,0.0,0.0,0.0,0.0,0.0,0.769378385639,0.0,0.0,0.0,0.0,0.0,0.0,0.0,0.0
Node_94,Observed,0.0,-0.0,-0.0,0.0,-0.0,-0.0,-0.0,-0.0,-0.0,-0.0,-0.0,-0.0,-0.02663347154,0.0,0.0,0.0,0.0,0.0,0.0,0.0,0.0
Node_91,Observed,0.0,-0.0,0.0,0.0,-0.0,0.0,-0.0,-0.0,-0.0,-0.0,-0.0,-0.0,-0.00731879021383,0.254071177042,-0.577056876219,0.577056876219,-0.577056876219,-0.577056876219,-0.577056876219,0.577056876219,0.374545082474
Node_90,Observed,0.0,0.0,0.0,0.0,0.0,0.0,0.0,0.0,0.0,0.0,0.0,0.0,0.0,0.0,0.0,0.0,0.0,0.0,0.0,0.0,0.0
Node_99,Observed,0.0,0.0,0.0,0.0,0.0,0.0,0.0,0.0,0.0,0.0,0.0,0.0,0.0,0.0,0.0,0.0,0.0,0.0,0.0,0.0,0.0
Node_100,Observed,0.0,-0.0,0.0,-0.0,-0.0,-0.0,-0.0,-0.0,-0.0,-0.0,0.0,-0.0,0.058691559757,0.0,-0.390716533714,0.390716533714,-0.390716533714,-0.390716533714,0.390716533714,-0.390716533714,0.15799502517
Node_26,Observed,0.0,0.0,0.0,0.0,0.0,0.0,0.0,0.0,0.0,0.0,0.0,0.0,0.189285006552,0.0,0.0,0.0,0.0,0.0,0.0,0.0,0.0
Node_102,Observed,0.0,0.0,0.0,0.0,0.0,0.0,0.0,0.0,0.0,0.0,0.0,0.0,0.0,0.0,0.0,0.0,0.0,0.0,0.0,0.0,0.0
Node_123,Observed,0.0,-0.0,0.0,0.0,-0.0,-0.0,-0.0,-0.0,-0.0,-0.0,0.0,-0.0,-0.0725893753356,0.0,0.0,0.0,0.0,0.0,0.0,0.0,0.0
Node_106,Observed,0.0,0.0,0.0,0.0,0.0,0.0,0.0,0.0,0.0,0.0,0.0,0.0,0.0,0.0,0.0,0.0,0.0,0.0,0.0,0.0,0.0
Node_107,Observed,0.0,0.0,0.0,0.0,0.0,0.0,0.0,0.0,0.0,0.0,0.0,0.0,0.0,0.0,0.0,0.0,0.0,0.0,0.0,0.0,0.0
Node_108,Observed,0.116053985001,-0.0,0.0,-0.0,0.0,0.0,0.0,0.0,0.0,-0.000106072231999,0.0,-0.0,0.00431081384704,0.0,-0.0998340871777,0.0998340871777,-0.0998340871777,-0.0998340871777,-0.0998340871777,0.0998340871777,0.00682508515339
Node_40,Observed,0.0,0.0,-0.0,0.0,-0.0,-0.0,-0.0,0.0,-0.0,0.0,-0.0,-0.0,-0.131490992745,0.0,0.0,0.0,0.0,0.0,0.0,0.0,0.0
Node_41,Observed,0.0,0.0,0.0,0.0,0.0,0.0,0.0,0.0,0.0,0.0,0.0,0.0,0.0,0.0,0.0,0.0,0.0,0.0,0.0,0.0,0.0
Node_68,Observed,0.0,0.0,0.0,0.0,0.0,0.0,0.0,0.0,0.0,0.0,0.0,0.0,0.0,0.0,0.0,0.0,0.0,0.0,0.0,0.0,0.0
Node_43,Observed,0.0,0.0,0.0,0.0,0.0,0.0,0.0,0.0,0.0,0.0,0.0,0.0,0.0,0.0,0.0,0.0,0.0,0.0,0.0,0.0,0.0
Node_46,Observed,0.0,0.0,0.0,0.0,0.0,0.0,0.0,0.0,0.0,0.0,0.0,0.0,0.0,0.0,0.0,0.0,0.0,0.0,0.0,0.0,0.0
Node_21,Observed,0.0,0.0,0.0,0.0,0.0,0.0,0.0,0.0,0.0,0.0,0.0,0.0,0.0,0.0,0.0,0.0,0.0,0.0,0.0,0.0,0.0
Node_48,Observed,0.0,0.0,0.0,0.0,0.0,0.0,0.0,0.0,0.0,0.0,0.0,0.0,0.0,0.0,0.0,0.0,0.0,0.0,0.0,0.0,0.0
Node_25,Observed,-0.258678925529,0.0,0.0,0.0,0.0,0.0,0.0,0.0,0.0,0.0,0.0,0.0,-0.950784346567,0.0,0.0,0.0,0.0,0.0,0.0,0.0,0.0
Node_27,Observed,0.0,0.0,0.0,0.0,0.0,0.0,0.0,0.0,0.0,0.0,0.0,0.0,0.0,0.0,0.0,0.0,0.0,0.0,0.0,0.0,0.0
Node_35,Observed,0.0,0.0,0.0,0.0,0.0,0.0,0.0,0.0,0.0,0.0,0.0,0.0,0.0,0.0,0.0,0.0,0.0,0.0,0.0,0.0,0.0
Node_47,Observed,0.0,0.0,0.0,0.0,0.0,0.0,0.0,0.0,0.0,0.0,0.0,0.0,0.0,0.0,0.0,0.0,0.0,0.0,0.0,0.0,0.0
Node_84,Observed,0.128904170939,-0.0093854906539,0.0,-0.0104887664443,-0.0104887664443,-0.0104887664443,-0.0104887664443,-0.0104887664443,-0.0104887664443,-0.0104887664443,-0.0104887664443,-0.0104887664443,1.0,0.0,0.0,0.0,0.0,0.0,0.0,0.0,0.0
Node_87,Observed,0.262298339285,0.0140228855946,0.0140228855946,-0.0140228855946,-0.0140228855946,0.0140228855946,0.0140228855946,0.0140228855946,-0.0140228855946,-0.0140228855946,-0.0140228855946,0.0140228855946,0.0962137292912,0.0,0.0,0.0,0.0,0.0,0.0,0.0,0.0
Node_80,Observed,0.0,0.0,0.0,0.0,0.0,0.0,0.0,0.0,0.0,0.0,0.0,0.0,0.0,0.0,0.0,0.0,0.0,0.0,0.0,0.0,0.0
Node_81,Observed,0.0,0.0,0.0,0.0,0.0,0.0,0.0,0.0,0.0,0.0,0.0,0.0,0.0,0.0,0.0,0.0,0.0,0.0,0.0,0.0,0.0
Node_36,Observed,0.0,0.0,0.0,0.0,0.0,0.0,0.0,0.0,0.0,0.0,0.0,0.0,0.0,0.0,0.0,0.0,0.0,0.0,0.0,0.0,0.0
Node_8,Observed,0.0,0.0,0.0,0.0,0.0,0.0,0.0,0.0,0.0,0.0,0.0,0.0,0.0,0.0,0.0,0.0,0.0,0.0,0.0,0.0,0.0
Node_112,Observed,-0.337137980747,0.0,0.0,0.0,0.0,0.0,0.0,0.0,0.0,0.0,0.0,0.0,0.112638139722,0.0,0.0998087946363,0.0998087946363,0.0998087946363,0.0998087946363,0.0998087946363,-0.0998087946363,0.00582711127431
Node_117,Observed,0.0,0.0,0.0,0.0,0.0,0.0,0.0,0.0,0.0,0.0,0.0,0.0,-0.00500873204208,0.0,0.0,0.0,0.0,0.0,0.0,0.0,0.0
Node_120,Observed,0.247103166593,0.0,-0.0,0.0,0.0,0.0,0.0,0.0,0.0,0.0,-0.0,0.0,0.0111612946806,0.0,0.0,0.0,0.0,0.0,0.0,0.0,0.0
Node_114,Observed,0.0,0.0,-0.0,0.0,-0.0,-0.0,-0.0,-0.0,0.0,0.0,0.0,0.0,-0.00699902844314,0.0,0.0,0.0,0.0,0.0,0.0,0.0,0.0
Node_7,Observed,0.0,0.0,0.0,0.0,0.0,0.0,0.0,0.0,0.0,0.0,0.0,0.0,0.0,0.0,0.0,0.0,0.0,0.0,0.0,0.0,0.0
Node_6,Observed,0.0,0.0,0.0,0.0,0.0,0.0,0.0,0.0,0.0,0.0,0.0,0.0,0.0,0.0,0.0,0.0,0.0,0.0,0.0,0.0,0.0
Node_119,Observed,0.157874156492,0.0,-0.00581955452903,0.0,0.0,0.0,0.0,0.0,0.0,0.0,-0.0,0.0,0.0986457313006,0.0,0.0,0.0,0.0,0.0,0.0,0.0,0.0
Node_4,Observed,0.0,0.0,0.0,0.0,0.0,0.0,0.0,0.0,0.0,0.0,0.0,0.0,0.0,0.0,0.0,0.0,0.0,0.0,0.0,0.0,0.0
Node_3,Observed,0.0568263396584,-0.0,-0.0,0.0,0.0,-0.0,0.0,0.0,-0.0,-0.0,-0.0,-0.0,-0.001030637946,1.0,1.0,1.0,-1.0,-1.0,-1.0,1.0,1.0
Node_0,Observed,-0.291747410757,-0.0,0.0,-0.0,-0.0,-0.0,-0.0,-0.0,-0.0,-0.0,-0.0,-0.0,0.089919928462,0.29970549386,-0.354176051571,0.354176051571,-0.354176051571,-0.354176051571,-0.354176051571,-0.354176051571,0.131694750023
Node_51,Observed,0.0,-0.0,-0.0,-0.0,0.0,-0.0,0.0,-0.0,0.0,0.0,-0.0,0.0,1.0,0.0,0.0,0.0,0.0,0.0,0.0,0.0,0.0
Node_50,Observed,0.0,-0.0674315181032,-0.0674315181032,-0.0674315181032,0.0,0.0,-0.0674315181032,-0.0674315181032,-0.0674315181032,-0.0674315181032,-0.0674315181032,-0.0674315181032,1.0,0.0,0.0,0.0,0.0,0.0,0.0,0.0,0.0
Node_79,Observed,0.0,0.0,-0.0,-0.0,0.0,0.0,0.0,0.0,0.0,0.0,0.0,0.0,0.335584703051,0.0,0.0,0.0,0.0,0.0,0.0,0.0,0.0
Node_54,Observed,0.285787747658,0.0,-0.0,-0.0,0.0,0.0,0.0,0.0,0.0,0.0,0.0,0.0,1.0,0.0,0.0,0.0,0.0,0.0,0.0,0.0,0.0
Node_77,Observed,0.0,0.0,0.0,0.0,0.0,0.0,0.0,0.0,0.0,0.0,0.0,0.0,0.0,0.0,0.0,0.0,0.0,0.0,0.0,0.0,0.0
Node_58,Observed,0.0220919088843,-0.0,0.0,0.0,0.0,0.0,0.0,-0.0,0.0,0.0,0.0,0.0,-0.120623966709,0.0,0.0,0.0,0.0,0.0,0.0,0.0,0.0
Node_71,Observed,0.0,0.0,0.0,0.0,0.0,0.0,0.0,0.0,0.0,0.0,0.0,0.0,0.0,0.0,0.0,0.0,0.0,0.0,0.0,0.0,0.0
Node_5,Observed,0.55614290522,0.0,0.0,0.0,0.0,0.0,0.0,0.0,0.0,-0.0266979515542,0.0,0.0,1.0,0.0,0.0,0.0,0.0,0.0,0.0,0.0,0.0
Node_72,Observed,0.0,0.0,0.0,0.0,0.0,0.0,0.0,0.0,0.0,0.0,0.0,0.0,0.0,0.0,0.0,0.0,0.0,0.0,0.0,0.0,0.0
Node_39,F-values,0.625,0.385,0.382,0.362,0.351,0.226,0.343,0.345,0.341,0.355,0.165,0.337,0.364,0.996,0.974,0.972,0.974,0.972,0.972,0.973,1.0
Node_19,F-values,0.057,0.041,0.281,0.281,0.279,0.286,0.272,0.278,0.271,0.277,0.272,0.277,0.022,0.001,0.0,0.0,0.0,0.0,0.0,0.0,0.0
Node_16,F-values,0.069,0.369,0.304,0.305,0.148,0.31,0.312,0.311,0.185,0.331,0.106,0.319,0.183,1.0,0.635,0.637,0.634,0.636,0.633,0.632,1.0
Node_32,F-values,1.0,0.445,0.41,0.403,0.44,0.418,0.432,0.415,0.429,0.425,0.407,0.427,1.0,1.0,0.75,0.751,0.749,0.748,0.749,0.747,1.0
Node_13,F-values,0.066,0.368,0.102,0.337,0.34,0.357,0.331,0.347,0.349,0.352,0.34,0.343,0.126,1.0,0.586,0.582,0.59,0.586,0.589,0.586,1.0
Node_12,F-values,0.044,0.0,0.431,0.218,0.433,0.0,0.109,0.113,0.432,0.334,0.433,0.44,0.069,0.644,0.559,0.524,0.517,0.526,0.517,0.514,0.618
Node_10,F-values,0.057,0.405,0.393,0.364,0.381,0.38,0.377,0.254,0.387,0.386,0.375,0.134,0.041,0.953,0.647,0.649,0.641,0.64,0.635,0.634,0.965
Node_97,F-values,1.0,0.334,0.288,0.304,0.318,0.298,0.296,0.302,0.315,0.303,0.296,0.307,1.0,0.983,0.662,0.657,0.659,0.655,0.658,0.651,0.996
Node_95,F-values,0.025,0.119,0.325,0.316,0.116,0.31,0.291,0.316,0.297,0.313,0.294,0.308,0.008,0.981,0.001,0.782,0.777,0.78,0.778,0.775,0.993
Node_94,F-values,1.0,0.348,0.33,0.317,0.342,0.339,0.322,0.322,0.321,0.313,0.33,0.339,0.363,0.984,0.0,0.651,0.646,0.645,0.643,0.644,0.995
Node_91,F-values,0.004,0.355,0.334,0.322,0.319,0.056,0.316,0.312,0.312,0.321,0.301,0.301,0.474,0.074,0.011,0.012,0.012,0.013,0.011,0.013,0.01
Node_90,F-values,1.0,0.363,0.319,0.335,0.324,0.324,0.333,0.295,0.315,0.338,0.306,0.324,1.0,0.988,0.639,0.639,0.634,0.633,0.635,0.632,0.998
Node_99,F-values,0.993,0.53,0.527,0.524,0.518,0.513,0.511,0.511,0.512,0.51,0.506,0.503,0.993,0.954,0.795,0.791,0.79,0.79,0.79,0.789,0.956
Node_100,F-values,0.142,0.529,0.418,0.379,0.391,0.386,0.394,0.394,0.38,0.386,0.391,0.378,0.003,0.011,0.008,0.008,0.008,0.009,0.008,0.008,0.008
Node_26,F-values,0.028,0.311,0.297,0.291,0.289,0.29,0.293,0.286,0.285,0.287,0.286,0.287,0.019,0.98,0.893,0.891,0.89,0.878,0.866,0.851,0.986
Node_102,F-values,0.993,0.478,0.475,0.471,0.471,0.472,0.472,0.474,0.473,0.471,0.473,0.473,0.993,0.969,0.867,0.862,0.859,0.853,0.852,0.851,0.97
Node_123,F-values,0.016,0.329,0.065,0.32,0.332,0.325,0.314,0.332,0.322,0.335,0.333,0.326,0.748,0.992,0.892,0.901,0.917,0.886,0.902,0.912,0.996
Node_106,F-values,0.981,0.363,0.349,0.345,0.345,0.337,0.338,0.341,0.339,0.341,0.334,0.335,0.98,0.917,0.914,0.899,0.898,0.899,0.891,0.886,0.907
Node_107,F-values,0.998,0.794,0.792,0.794,0.79,0.791,0.793,0.799,0.788,0.788,0.801,0.793,1.0,0.983,0.976,0.975,0.975,0.972,0.969,0.965,0.992
Node_108,F-values,0.026,0.694,0.693,0.678,0.682,0.685,0.678,0.684,0.685,0.372,0.686,0.675,0.027,0.01,0.18,0.182,0.182,0.181,0.182,0.181,0.171
Node_40,F-values,0.044,0.081,0.911,0.169,0.908,0.908,0.907,0.122,0.909,0.46,0.908,0.909,0.647,0.988,0.86,0.858,0.857,0.859,0.857,0.856,0.995
Node_41,F-values,0.998,0.947,0.948,0.948,0.948,0.948,0.946,0.946,0.944,0.949,0.947,0.947,0.998,0.988,0.913,0.912,0.912,0.909,0.909,0.908,0.994
Node_68,F-values,0.898,0.86,0.855,0.853,0.854,0.856,0.854,0.857,0.857,0.857,0.857,0.854,0.901,0.756,0.746,0.652,0.648,0.646,0.645,0.646,0.662
Node_43,F-values,0.991,0.895,0.89,0.888,0.888,0.889,0.887,0.888,0.882,0.884,0.885,0.887,0.997,0.984,0.982,0.982,0.982,0.982,0.982,0.981,0.991
Node_46,F-values,0.96,0.8,0.785,0.791,0.785,0.788,0.784,0.788,0.784,0.788,0.784,0.784,0.96,0.909,0.875,0.833,0.831,0.829,0.824,0.823,0.873
Node_21,F-values,0.939,0.777,0.772,0.767,0.766,0.768,0.766,0.767,0.764,0.766,0.766,0.767,0.939,0.872,0.842,0.783,0.781,0.778,0.774,0.771,0.819
Node_48,F-values,0.995,0.497,0.493,0.489,0.506,0.49,0.479,0.492,0.492,0.49,0.485,0.496,0.995,0.982,0.937,0.937,0.931,0.926,0.926,0.924,0.988
Node_25,F-values,0.088,0.619,0.057,0.07,0.06,0.03,0.04,0.036,0.058,0.052,0.052,0.037,0.11,0.883,0.835,0.744,0.75,0.746,0.744,0.743,0.784
Node_27,F-values,0.62,0.621,0.62,0.621,0.62,0.621,0.619,0.62,0.619,0.619,0.621,0.62,0.622,0.465,0.454,0.224,0.223,0.221,0.188,0.182,0.19
Node_35,F-values,0.932,0.867,0.858,0.862,0.859,0.844,0.822,0.828,0.821,0.824,0.822,0.82,0.935,0.865,0.834,0.733,0.731,0.731,0.73,0.725,0.756
Node_47,F-values,0.99,0.735,0.722,0.706,0.712,0.723,0.722,0.695,0.712,0.71,0.702,0.707,0.99,0.992,0.962,0.964,0.963,0.963,0.963,0.964,0.998
Node_84,F-values,0.521,0.43,0.415,0.394,0.43,0.42,0.413,0.417,0.407,0.417,0.411,0.423,0.569,0.429,0.339,0.215,0.21,0.212,0.201,0.204,0.268
Node_87,F-values,0.09,0.228,0.21,0.212,0.213,0.213,0.213,0.214,0.216,0.213,0.213,0.214,0.042,0.785,0.695,0.65,0.651,0.647,0.643,0.645,0.763
Node_80,F-values,0.993,0.935,0.939,0.937,0.94,0.942,0.935,0.936,0.941,0.933,0.94,0.944,0.997,0.928,0.835,0.836,0.834,0.833,0.831,0.83,0.956
Node_81,F-values,0.992,0.674,0.675,0.664,0.673,0.666,0.675,0.664,0.666,0.671,0.667,0.668,0.993,0.934,0.847,0.847,0.844,0.844,0.844,0.844,0.957
Node_36,F-values,0.99,0.94,0.935,0.936,0.938,0.937,0.936,0.935,0.936,0.936,0.936,0.936,0.99,0.926,0.852,0.846,0.846,0.845,0.845,0.845,0.946
Node_8,F-values,0.686,0.681,0.679,0.676,0.681,0.68,0.682,0.676,0.681,0.675,0.676,0.679,0.69,0.287,0.262,0.167,0.168,0.168,0.157,0.156,0.168
Node_112,F-values,0.037,0.355,0.344,0.351,0.347,0.351,0.345,0.347,0.349,0.346,0.34,0.347,0.018,0.014,0.184,0.185,0.185,0.185,0.185,0.185,0.19
Node_117,F-values,0.185,0.387,0.309,0.375,0.368,0.372,0.386,0.38,0.363,0.369,0.325,0.362,0.032,0.003,0.581,0.583,0.584,0.582,0.582,0.58,0.958
Node_120,F-values,0.064,0.716,0.739,0.724,0.724,0.722,0.725,0.725,0.729,0.724,0.723,0.715,0.031,0.924,0.745,0.745,0.738,0.737,0.733,0.731,0.963
Node_114,F-values,0.041,0.685,0.667,0.64,0.637,0.632,0.636,0.636,0.642,0.436,0.641,0.626,0.202,0.926,0.79,0.791,0.791,0.791,0.791,0.787,0.954
Node_7,F-values,0.984,0.557,0.555,0.545,0.556,0.541,0.539,0.54,0.539,0.543,0.554,0.544,0.984,0.936,0.661,0.66,0.662,0.66,0.658,0.659,0.972
Node_6,F-values,0.985,0.562,0.545,0.546,0.541,0.539,0.55,0.536,0.541,0.526,0.54,0.55,0.985,0.939,0.613,0.611,0.611,0.611,0.611,0.61,0.973
Node_119,F-values,0.025,0.584,0.195,0.563,0.572,0.575,0.568,0.553,0.564,0.564,0.565,0.584,0.006,0.943,0.619,0.618,0.617,0.618,0.618,0.618,0.976
Node_4,F-values,0.985,0.537,0.525,0.537,0.521,0.512,0.523,0.528,0.516,0.525,0.519,0.524,0.985,0.947,0.57,0.571,0.57,0.568,0.569,0.565,0.977
Node_3,F-values,0.116,0.546,0.548,0.534,0.537,0.543,0.548,0.543,0.542,0.536,0.547,0.539,0.13,0.002,0.004,0.004,0.004,0.004,0.004,0.004,0.0
Node_0,F-values,0.023,0.506,0.494,0.482,0.494,0.491,0.479,0.486,0.48,0.478,0.474,0.481,0.023,0.048,0.023,0.038,0.029,0.035,0.02,0.018,0.009
Node_51,F-values,0.262,0.317,0.307,0.311,0.309,0.318,0.31,0.3,0.306,0.311,0.304,0.311,0.619,0.008,0.007,0.0,0.0,0.0,0.0,0.0,0.0
Node_50,F-values,0.698,0.219,0.224,0.239,0.134,0.137,0.244,0.243,0.248,0.234,0.237,0.238,0.357,0.165,0.143,0.087,0.09,0.09,0.077,0.072,0.094
Node_79,F-values,0.971,0.617,0.617,0.618,0.616,0.606,0.623,0.628,0.586,0.601,0.603,0.604,0.025,0.875,0.69,0.696,0.699,0.684,0.687,0.694,0.945
Node_54,F-values,0.214,0.199,0.21,0.218,0.204,0.215,0.205,0.207,0.205,0.201,0.203,0.201,0.151,0.086,0.083,0.025,0.021,0.021,0.013,0.013,0.015
Node_77,F-values,0.964,0.584,0.595,0.583,0.586,0.568,0.574,0.574,0.564,0.578,0.586,0.572,0.966,0.878,0.739,0.737,0.733,0.734,0.732,0.731,0.922
Node_58,F-values,0.741,0.925,0.929,0.927,0.93,0.927,0.204,0.924,0.712,0.304,0.569,0.927,0.775,0.898,0.745,0.743,0.739,0.733,0.731,0.728,0.944
Node_71,F-values,0.968,0.511,0.495,0.474,0.491,0.481,0.477,0.465,0.469,0.481,0.467,0.473,0.97,0.903,0.795,0.797,0.796,0.796,0.797,0.796,0.941
Node_5,F-values,0.02,0.037,0.165,0.158,0.159,0.183,0.074,0.142,0.096,0.206,0.16,0.186,0.013,0.455,0.383,0.292,0.29,0.298,0.284,0.283,0.341
Node_72,F-values,0.962,0.824,0.823,0.828,0.824,0.819,0.829,0.826,0.825,0.832,0.834,0.826,0.972,0.864,0.801,0.801,0.802,0.799,0.799,0.798,0.914
Node_39,F-values,0.0,0.0,0.0,0.0,0.0,0.0,0.0,0.0,0.0,0.0,0.0,0.0,0.0,0.0,0.0,0.0,0.0,0.0,0.0,0.0,0.0
Node_19,F-values,0.0,0.0,0.0,0.0,0.0,0.0,0.0,0.0,0.0,0.0,0.0,0.0,0.0,0.0,1.0,1.0,1.0,1.0,1.0,1.0,1.0
Node_16,F-values,0.0,0.0,0.0,0.0,0.0,0.0,0.0,0.0,0.0,0.0,0.0,0.0,0.0,0.0,0.0,0.0,0.0,0.0,0.0,0.0,0.0
Node_32,F-values,0.0,0.0,0.0,0.0,0.0,0.0,0.0,0.0,0.0,0.0,0.0,0.0,0.0,0.0,0.0,0.0,0.0,0.0,0.0,0.0,0.0
Node_13,F-values,0.0,0.0,0.0,0.0,0.0,0.0,0.0,0.0,0.0,0.0,0.0,0.0,0.0,0.0,0.0,0.0,0.0,0.0,0.0,0.0,0.0
Node_12,F-values,0.0,1.0,0.0,0.0,0.0,1.0,0.0,0.0,0.0,0.0,0.0,0.0,0.0,0.0,0.0,0.0,0.0,0.0,0.0,0.0,0.0
Node_10,F-values,0.0,0.0,0.0,0.0,0.0,0.0,0.0,0.0,0.0,0.0,0.0,0.0,0.0,0.0,0.0,0.0,0.0,0.0,0.0,0.0,0.0
Node_97,F-values,0.0,0.0,0.0,0.0,0.0,0.0,0.0,0.0,0.0,0.0,0.0,0.0,0.0,0.0,0.0,0.0,0.0,0.0,0.0,0.0,0.0
Node_95,F-values,0.0,0.0,0.0,0.0,0.0,0.0,0.0,0.0,0.0,0.0,0.0,0.0,0.0,0.0,0.0,0.0,0.0,0.0,0.0,0.0,0.0
Node_94,F-values,0.0,0.0,0.0,0.0,0.0,0.0,0.0,0.0,0.0,0.0,0.0,0.0,0.0,0.0,1.0,0.0,0.0,0.0,0.0,0.0,0.0
Node_91,F-values,0.0,0.0,0.0,0.0,0.0,0.0,0.0,0.0,0.0,0.0,0.0,0.0,0.0,0.0,0.0,0.0,0.0,0.0,0.0,0.0,0.0
Node_90,F-values,0.0,0.0,0.0,0.0,0.0,0.0,0.0,0.0,0.0,0.0,0.0,0.0,0.0,0.0,0.0,0.0,0.0,0.0,0.0,0.0,0.0
Node_99,F-values,0.0,0.0,0.0,0.0,0.0,0.0,0.0,0.0,0.0,0.0,0.0,0.0,0.0,0.0,0.0,0.0,0.0,0.0,0.0,0.0,0.0
Node_100,F-values,0.0,0.0,0.0,0.0,0.0,0.0,0.0,0.0,0.0,0.0,0.0,0.0,0.0,0.0,0.0,0.0,0.0,0.0,0.0,0.0,0.0
Node_26,F-values,0.0,0.0,0.0,0.0,0.0,0.0,0.0,0.0,0.0,0.0,0.0,0.0,0.0,0.0,0.0,0.0,0.0,0.0,0.0,0.0,0.0
Node_102,F-values,0.0,0.0,0.0,0.0,0.0,0.0,0.0,0.0,0.0,0.0,0.0,0.0,0.0,0.0,0.0,0.0,0.0,0.0,0.0,0.0,0.0
Node_123,F-values,0.0,0.0,0.0,0.0,0.0,0.0,0.0,0.0,0.0,0.0,0.0,0.0,0.0,0.0,0.0,0.0,0.0,0.0,0.0,0.0,0.0
Node_106,F-values,0.0,0.0,0.0,0.0,0.0,0.0,0.0,0.0,0.0,0.0,0.0,0.0,0.0,0.0,0.0,0.0,0.0,0.0,0.0,0.0,0.0
Node_107,F-values,0.0,0.0,0.0,0.0,0.0,0.0,0.0,0.0,0.0,0.0,0.0,0.0,0.0,0.0,0.0,0.0,0.0,0.0,0.0,0.0,0.0
Node_108,F-values,0.0,0.0,0.0,0.0,0.0,0.0,0.0,0.0,0.0,0.0,0.0,0.0,0.0,0.0,0.0,0.0,0.0,0.0,0.0,0.0,0.0
Node_40,F-values,0.0,0.0,0.0,0.0,0.0,0.0,0.0,0.0,0.0,0.0,0.0,0.0,0.0,0.0,0.0,0.0,0.0,0.0,0.0,0.0,0.0
Node_41,F-values,0.0,0.0,0.0,0.0,0.0,0.0,0.0,0.0,0.0,0.0,0.0,0.0,0.0,0.0,0.0,0.0,0.0,0.0,0.0,0.0,0.0
Node_68,F-values,0.0,0.0,0.0,0.0,0.0,0.0,0.0,0.0,0.0,0.0,0.0,0.0,0.0,0.0,0.0,0.0,0.0,0.0,0.0,0.0,0.0
Node_43,F-values,0.0,0.0,0.0,0.0,0.0,0.0,0.0,0.0,0.0,0.0,0.0,0.0,0.0,0.0,0.0,0.0,0.0,0.0,0.0,0.0,0.0
Node_46,F-values,0.0,0.0,0.0,0.0,0.0,0.0,0.0,0.0,0.0,0.0,0.0,0.0,0.0,0.0,0.0,0.0,0.0,0.0,0.0,0.0,0.0
Node_21,F-values,0.0,0.0,0.0,0.0,0.0,0.0,0.0,0.0,0.0,0.0,0.0,0.0,0.0,0.0,0.0,0.0,0.0,0.0,0.0,0.0,0.0
Node_48,F-values,0.0,0.0,0.0,0.0,0.0,0.0,0.0,0.0,0.0,0.0,0.0,0.0,0.0,0.0,0.0,0.0,0.0,0.0,0.0,0.0,0.0
Node_25,F-values,0.0,0.0,0.0,0.0,0.0,0.0,0.0,0.0,0.0,0.0,0.0,0.0,0.0,0.0,0.0,0.0,0.0,0.0,0.0,0.0,0.0
Node_27,F-values,0.0,0.0,0.0,0.0,0.0,0.0,0.0,0.0,0.0,0.0,0.0,0.0,0.0,0.0,0.0,0.0,0.0,0.0,0.0,0.0,0.0
Node_35,F-values,0.0,0.0,0.0,0.0,0.0,0.0,0.0,0.0,0.0,0.0,0.0,0.0,0.0,0.0,0.0,0.0,0.0,0.0,0.0,0.0,0.0
Node_47,F-values,0.0,0.0,0.0,0.0,0.0,0.0,0.0,0.0,0.0,0.0,0.0,0.0,0.0,0.0,0.0,0.0,0.0,0.0,0.0,0.0,0.0
Node_84,F-values,0.0,0.0,0.0,0.0,0.0,0.0,0.0,0.0,0.0,0.0,0.0,0.0,0.0,0.0,0.0,0.0,0.0,0.0,0.0,0.0,0.0
Node_87,F-values,0.0,0.0,0.0,0.0,0.0,0.0,0.0,0.0,0.0,0.0,0.0,0.0,0.0,0.0,0.0,0.0,0.0,0.0,0.0,0.0,0.0
Node_80,F-values,0.0,0.0,0.0,0.0,0.0,0.0,0.0,0.0,0.0,0.0,0.0,0.0,0.0,0.0,0.0,0.0,0.0,0.0,0.0,0.0,0.0
Node_81,F-values,0.0,0.0,0.0,0.0,0.0,0.0,0.0,0.0,0.0,0.0,0.0,0.0,0.0,0.0,0.0,0.0,0.0,0.0,0.0,0.0,0.0
Node_36,F-values,0.0,0.0,0.0,0.0,0.0,0.0,0.0,0.0,0.0,0.0,0.0,0.0,0.0,0.0,0.0,0.0,0.0,0.0,0.0,0.0,0.0
Node_8,F-values,0.0,0.0,0.0,0.0,0.0,0.0,0.0,0.0,0.0,0.0,0.0,0.0,0.0,0.0,0.0,0.0,0.0,0.0,0.0,0.0,0.0
Node_112,F-values,0.0,0.0,0.0,0.0,0.0,0.0,0.0,0.0,0.0,0.0,0.0,0.0,0.0,0.0,0.0,0.0,0.0,0.0,0.0,0.0,0.0
Node_117,F-values,0.0,0.0,0.0,0.0,0.0,0.0,0.0,0.0,0.0,0.0,0.0,0.0,0.0,0.0,0.0,0.0,0.0,0.0,0.0,0.0,0.0
Node_120,F-values,0.0,0.0,0.0,0.0,0.0,0.0,0.0,0.0,0.0,0.0,0.0,0.0,0.0,0.0,0.0,0.0,0.0,0.0,0.0,0.0,0.0
Node_114,F-values,0.0,0.0,0.0,0.0,0.0,0.0,0.0,0.0,0.0,0.0,0.0,0.0,0.0,0.0,0.0,0.0,0.0,0.0,0.0,0.0,0.0
Node_7,F-values,0.0,0.0,0.0,0.0,0.0,0.0,0.0,0.0,0.0,0.0,0.0,0.0,0.0,0.0,0.0,0.0,0.0,0.0,0.0,0.0,0.0
Node_6,F-values,0.0,0.0,0.0,0.0,0.0,0.0,0.0,0.0,0.0,0.0,0.0,0.0,0.0,0.0,0.0,0.0,0.0,0.0,0.0,0.0,0.0
Node_119,F-values,0.0,0.0,0.0,0.0,0.0,0.0,0.0,0.0,0.0,0.0,0.0,0.0,0.0,0.0,0.0,0.0,0.0,0.0,0.0,0.0,0.0
Node_4,F-values,0.0,0.0,0.0,0.0,0.0,0.0,0.0,0.0,0.0,0.0,0.0,0.0,0.0,0.0,0.0,0.0,0.0,0.0,0.0,0.0,0.0
Node_3,F-values,0.0,0.0,0.0,0.0,0.0,0.0,0.0,0.0,0.0,0.0,0.0,0.0,0.0,0.0,0.0,0.0,0.0,0.0,0.0,0.0,1.0
Node_0,F-values,0.0,0.0,0.0,0.0,0.0,0.0,0.0,0.0,0.0,0.0,0.0,0.0,0.0,0.0,0.0,0.0,0.0,0.0,0.0,0.0,0.0
Node_51,F-values,0.0,0.0,0.0,0.0,0.0,0.0,0.0,0.0,0.0,0.0,0.0,0.0,0.0,0.0,0.0,1.0,1.0,1.0,1.0,1.0,1.0
Node_50,F-values,0.0,0.0,0.0,0.0,0.0,0.0,0.0,0.0,0.0,0.0,0.0,0.0,0.0,0.0,0.0,0.0,0.0,0.0,0.0,0.0,0.0
Node_79,F-values,0.0,0.0,0.0,0.0,0.0,0.0,0.0,0.0,0.0,0.0,0.0,0.0,0.0,0.0,0.0,0.0,0.0,0.0,0.0,0.0,0.0
Node_54,F-values,0.0,0.0,0.0,0.0,0.0,0.0,0.0,0.0,0.0,0.0,0.0,0.0,0.0,0.0,0.0,0.0,0.0,0.0,0.0,0.0,0.0
Node_77,F-values,0.0,0.0,0.0,0.0,0.0,0.0,0.0,0.0,0.0,0.0,0.0,0.0,0.0,0.0,0.0,0.0,0.0,0.0,0.0,0.0,0.0
Node_58,F-values,0.0,0.0,0.0,0.0,0.0,0.0,0.0,0.0,0.0,0.0,0.0,0.0,0.0,0.0,0.0,0.0,0.0,0.0,0.0,0.0,0.0
Node_71,F-values,0.0,0.0,0.0,0.0,0.0,0.0,0.0,0.0,0.0,0.0,0.0,0.0,0.0,0.0,0.0,0.0,0.0,0.0,0.0,0.0,0.0
Node_5,F-values,0.0,0.0,0.0,0.0,0.0,0.0,0.0,0.0,0.0,0.0,0.0,0.0,0.0,0.0,0.0,0.0,0.0,0.0,0.0,0.0,0.0
Node_72,F-values,0.0,0.0,0.0,0.0,0.0,0.0,0.0,0.0,0.0,0.0,0.0,0.0,0.0,0.0,0.0,0.0,0.0,0.0,0.0,0.0,0.0
